,commit
0,0082e0192a5b706ca2777efd7097814cf64803ee
1,01ecd7c66d6965ad54e0180c822e6a5ba4731c10
2,030f1a0b11b02d96991bfeeb46c8b07743186817
3,05712301fc723113436c12d59aafeda4097105a3
4,05aad8f60f29be97aae99288775dc6240307bc5c
5,0642a6f1da5e8e6b9d0d44090eee1ee95de4e19c
6,08cf1d1fb517d9778fed6e1857a2b71df5c368be
7,0b5ba610445af6ac4e7570fd6da475874ce4db01
8,0d7777b3a9549cf48a7c29bb26f5f8b537897d28
9,0e7eb17fe72237e6e264d21d4d955a7843ea1d2b
10,0ef44fcc258f2e928532ca3af50e6b7b4a50df28
11,1733cf35ad639ef832376c926f0a0629c4451adb
12,1aa7361ccca3e4663d54954c58f24704be1ba5f0
13,1c28714c8cdce0831ffa79d5c60e59ab019fff97
14,220d2bfeee8213bde04cb339c20c22ee5abc4428
15,26c458f09bc858537d02b3749868e8318b167a68
16,27671a8bcd25de274c664aabfff6778ebc29af52
17,2db4eb59d4080d28e113e6ebe679b17f91222bf4
18,2e96cd40c91e1b40196d0d50a9e9c36e04b8465a
19,2f039bd72de99f79ca8c70e40fae0a81e7c2645e
20,30d4b7bd496feaca6b37d23569fceff1738a643a
21,312c2518aaaa70bf76ccbe2b719c51e93d46bc50
22,32038d1bde6ac8ce2a8583264b5d419d0c32aad3
23,320a562244c9139a129f83addb7e93e8d4d0fdb0
24,36853987d19bf9fbc18d7eae907d7d1db285d75f
25,3734d6da5deeda8ef852e0a3947ad436f98ce92f
26,38ecb80ecd565c3f95796e9b23ca3532a56e3e52
27,3ac3caed42aafd0b82e33cb172e69339bf9e071f
28,3b753d0c96420a2cc9eb966fa969d3bbee017a67
29,3dda7307074c90e1d7296cf27e3d653ed27d0608
30,3e5b60de4f90c3cffc88e3df769bb4531c0dc89e
31,416bc3ab8fb1771f8d5e0acae7c7c2aa7ac3776f
32,41a824e349b48eed614b70fd66ee6c5a850c2352
33,420261ccd18479fffcb19dbb6388f626b42007e6
34,42f704c86bbc636c314bc6dd6d20947055f3a56c
35,46722e306a029ea5264004f5d2b2784757a2ddc7
36,474c321dfbf17395ae09889384223f0f74c74057
37,498f0d206ab6866d635037695a0b8627e0df2499
38,4dfab0656fe2e8739aafcdf98cdeb2d10541382c
39,4e52d16c4cf767f488d4e3265019d1fe03fda4dd
40,51219169df2367a8cc1b4a612b6c9d569c29173e
41,523be0566f25a8b12273c94deede09cf13c4967b
42,535c0c34334862d47ad339a99d0933e5eba76ae0
43,585a702138f1cc87df3b41509cc42ad34b6acd62
44,63b85e9c1489baed177698da20ab1cead3065cee
45,64c1a69c4d5ae173e1743a96ddc2f0f42a130302
46,675270c475e5425eddd4e528b87f88c67dbf6aec
47,67647ddcf1c42762dd7bc6df83ba951edad1ce93
48,69f8b7008c804bf0bcf82d254732cf1d9171d101
49,6e710a1f78a4a733020a4b2d1f07b6fe4c6684f0
50,6f5090272f1f4129db2adc2d14b07150152224b3
51,7126e673ceb6ff1fbac0ad53f82b268685cee9ff
52,72dbe9065eb2c135519ec002f08188d83ae4a231
53,73c4065d785fd25e363077e735b96b02fa64b810
54,7930b8cf42e1aa1b5958268dc3383bd966e28b29
55,797d09c415c7d1feb23aac5c69c855f207e02f98
56,79e8ea94db5f613b1d0d69bffb45eda968a41f04
57,7ab2d5be0b4abda6971f50d2002c3c615c770b29
58,7f640b0badf5106821908fcae610400849cdccc5
59,815513f7da72c65034e82236d3203c06d5a18772
60,84ad767a87c69a265e9105c51efdd87ee57b8635
61,84fd1dd099e6d44cdc5a2d6718197022f257dce9
62,866ec93bfd5f6331c95c66e19178c9ffc1441ee2
63,86826f5e5927aff2b3dc73818f5f4a172119387e
64,87c95a0528fef03240474d89b645ae0993d50ea2
65,899f9fd0a9690581f33a715bb5f000397f1bafef
66,8a4cc1031e46f5d3537fab3bcf5ec89663372539
67,8b9280c8ab2b26ca717c5aaa0b82352f8dcf130f
68,8bc2bf074a3f448b17069bad07d842f40abd1ff6
69,8cba88fa1a5dbcf8986e2726b15eeb1d823d87ec
70,8e0e1c32ff1ed1da4f09fc9917812e6457e6fef7
71,90b32e0173a8b7eeec02f1686780ecb037edc11d
72,911126ddebad2b0d44dd71be4f295df968dff652
73,91ff7311935be36db522dcf782c25f5815449ed2
74,98567abad2dcb89c3e428efc0696323dd0b87319
75,9a234fafba14479522a7a6b45282b41215c41a01
76,9b08d0f9d1eb159322e8d456f1ff5e647925c8c7
77,9b5d693d74b3ff5612d468e29534601d0bb9c642
78,9c621e90fe8691d5632d2065a732e67033a4004e
79,9cc97b92d641eafcf25ddb8b5e5a073c1997ddd5
80,9d89a073b46ad7ebdfd88963d36b29e920aebcd9
81,9f5ded018109c851760a08a4c25c96f2f0b7f039
82,a92e3e29b6d5ce11b16c0a0a6437fc246039b7e4
83,ac7b409d4c2977e79e88d8f73e0664bded36d94d
84,aeb410f6c22ccdffe0ec7bde2a1b86e7a2e4d2a2
85,aed63ae84f10aa758a905d5827994068edb71e0d
86,afc1dbf04e163963fe32d080c889eabe3bffdfd8
87,b1249fa0c50a9dcfde2ed296b5d478b0cce614cf
88,b171f483a03d13286107106982dfb4b5ab1a9979
89,b196a81fb2bfb58ae7759d85143d92934fc9dd50
90,b44da9ac7e91ecc9e0e2130ca7fef06c4904e68b
91,b506d8f19d8ec4bac1fa869c0885ad4364f4d31b
92,b7f625aea3e7c19b4b66351be582dbab846022d7
93,ba93f9a3db44fda15e4afa536701563dc4e67004
94,be2aa80bc371d600ab2230c545051ea6454577f5
95,c0ccd54005c0fd2e493c9faa280061b9487c5f96
96,c208ca8d43b0c7fbd2ca517763faeadec8a6b7e3
97,c342635a4694995e4eaca74d8e5eff81a7e5d2e7
98,c4bb60046de9ffdd1cf07cfcdba201df06b194dd
99,c50fea2488e37b02238b34b7297017f8e53ea6d6
100,c831dabc6ea286e73243a5f7f06885ab1bbebad0
101,c9b273ce69ec731fa1d9c816e0fcb3e790fb7aec
102,cc6ce27331c5495748b4e8f57b113a84f2590fe4
103,cd19bdef4200a0d04edd438dafb07f0b29aa6076
104,d0eb1d1dd1d9aed27c433d78a76962340fcbfc1d
105,d19212c03ec7eb82e37e11746bac7a064738b686
106,d1df7c94e8ae961d42ff7c6896561abc0c151af5
107,d2a2deec90c5335b87376eebd68af9986cd3071e
108,d31db960ee61e50c8ea5067a6cf876b426f0e313
109,d55ed9283104db6e145dfce0970dd6d5f2a91806
110,d6c57d547c4c0ed26f82bb20966780a136a55ad7
111,d8f288a35e63d1e9682c7e188b37c0d7e8e537a7
112,db2ccbe53689c54303b6498eb63ad8c7d9c66777
113,e00a63dee360a98653d6a2cdf36a235e97cf5119
114,e322b36109170fea52f6128753d61638771d0705
115,e3fa880da97c75d598c6a9b826c6144998727ce6
116,e4241930b32676966aab270ba122972ec5eb71ae
117,e4e4441498c8955a042145b0b2357f3034add226
118,ea24e26fb7adbaae8cf668845946f25562386f69
119,ea4990ae7a919465f8906b851baa8fddbb35ecf0
120,eadc1e3453c249e30932f0be29dc55088eafd48f
121,ee6ae79be8d0303db4bf48a948bcaee46b329fec
122,f002d335494301d96ad22c428126c7b3cf15e09b
123,f13e910f90a138f05c3ecbd775701c6a6b51a5d5
124,f1f9a7950e61a457a51aa9c617c99a22917b306a
125,f36652ed2d215164537b9652ad7c2d57143bd307
126,f69b5cbe89479333315764e56d9d658b4882c2d4
127,f799f4e7f1ab499e3fc31cf14e00ff87989a4b0c
128,f8a3e4edbe8eb96e428c7ba647f6b14555d9d68f
129,fc856fc14402b8eaa975691b1a09ccf42770f178
130,feb0d2f4d8fd3a5e50bb1769c14fc6034aefcdc0
131,ff3804849e0badfe6fee032f39dacb577be94c22
